,TimeStamp,SNR,RAT
0,1622038075.202,12.530000000000001,NR
1,1622038076.482,11.36,NR
2,1622038077.552,12.225,NR
3,1622038077.646,13.61,NR
4,1622038077.697,10.182500000000001,NR
5,1622038077.784,9.030000000000001,NR
6,1622038077.864,11.544999999999998,NR
7,1622038077.944,12.522499999999999,NR
8,1622038078.024,10.57,NR
9,1622038078.104,9.807500000000001,NR
10,1622038078.184,9.3675,NR
11,1622038078.264,8.61,NR
12,1622038078.344,6.515000000000001,NR
13,1622038078.424,9.317499999999999,NR
14,1622038078.504,7.505000000000001,NR
15,1622038078.584,5.9575,NR
16,1622038078.664,6.362500000000001,NR
17,1622038078.744,5.135,NR
18,1622038078.824,5.6875,NR
19,1622038078.904,9.1125,NR
20,1622038078.984,6.4025,NR
21,1622038079.064,8.16,NR
22,1622038079.144,7.41,NR
23,1622038079.224,4.715,NR
24,1622038079.304,6.9350000000000005,NR
25,1622038079.384,5.465,NR
26,1622038079.464,8.280000000000001,NR
27,1622038079.544,4.867500000000001,NR
28,1622038079.624,-11.0775,NR
29,1622038079.704,5.279999999999999,NR
30,1622038079.784,4.22,NR
31,1622038079.864,4.2225,NR
32,1622038079.944,6.7225,NR
33,1622038080.024,3.565,NR
34,1622038080.104,3.92,NR
35,1622038080.184,5.375,NR
36,1622038080.264,3.7375,NR
37,1622038080.344,4.295,NR
38,1622038080.424,3.8325,NR
39,1622038080.504,3.8274999999999997,NR
40,1622038080.584,3.7275,NR
41,1622038080.664,2.9,NR
42,1622038080.744,2.0625,NR
43,1622038080.824,2.6325,NR
44,1622038080.904,3.8724999999999996,NR
45,1622038080.984,-0.65,NR
46,1622038081.064,1.4174999999999998,NR
47,1622038081.144,2.705,NR
48,1622038081.224,0.8575,NR
49,1622038081.304,2.8625,NR
50,1622038081.384,-0.845,NR
51,1622038081.464,0.475,NR
52,1622038081.544,0.5075,NR
53,1622038081.624,3.9174999999999995,NR
54,1622038081.704,0.6775,NR
55,1622038081.784,3.0999999999999996,NR
56,1622038081.864,2.5374999999999996,NR
57,1622038081.944,5.4975,NR
58,1622038082.024,3.4349999999999996,NR
59,1622038082.104,0.15249999999999997,NR
60,1622038082.184,2.6799999999999997,NR
61,1622038082.264,1.7399999999999998,NR
62,1622038082.344,-1.6475,NR
63,1622038082.424,4.805000000000001,NR
64,1622038082.504,2.3825000000000003,NR
65,1622038082.584,5.28,NR
66,1622038082.664,1.3399999999999999,NR
67,1622038082.744,2.1375,NR
68,1622038082.824,-0.72,NR
69,1622038082.904,-0.3025,NR
70,1622038082.984,2.68,NR
71,1622038083.064,1.46,NR
72,1622038083.144,-0.8600000000000001,NR
73,1622038083.224,0.2049999999999999,NR
74,1622038083.304,-0.17749999999999988,NR
75,1622038083.384,-1.1300000000000001,NR
76,1622038083.464,-0.59,NR
77,1622038083.544,-2.0125,NR
78,1622038083.624,0.25,NR
79,1622038083.704,-1.8224999999999998,NR
80,1622038083.784,-3.925,NR
81,1622038083.864,-2.1225,NR
82,1622038083.944,-2.3925,NR
83,1622038084.024,-0.61,NR
84,1622038084.104,-0.24000000000000005,NR
85,1622038084.184,-3.995,NR
86,1622038084.264,-2.5525,NR
87,1622038084.344,-1.0775,NR
88,1622038084.424,0.8975000000000002,NR
89,1622038084.504,-2.7925000000000004,NR
90,1622038084.584,-2.5349999999999997,NR
91,1622038084.664,-1.6099999999999999,NR
92,1622038084.744,-1.565,NR
93,1622038084.824,-2.8525,NR
94,1622038084.904,0.027499999999999858,NR
95,1622038084.984,-3.3124999999999996,NR
96,1622038085.064,0.22750000000000004,NR
97,1622038085.144,-0.20499999999999996,NR
98,1622038085.224,-1.5050000000000001,NR
99,1622038085.304,-1.0025000000000002,NR
100,1622038085.384,0.7075,NR
101,1622038085.464,-1.3475000000000001,NR
102,1622038085.544,4.565,NR
103,1622038085.624,7.577500000000001,NR
104,1622038085.704,3.5175,NR
105,1622038085.784,3.6925,NR
106,1622038085.864,7.324999999999999,NR
107,1622038085.944,4.0024999999999995,NR
108,1622038086.024,3.6225,NR
109,1622038086.104,5.125,NR
110,1622038086.184,8.477500000000001,NR
111,1622038086.264,6.967499999999999,NR
112,1622038086.344,9.2,NR
113,1622038086.424,10.0175,NR
114,1622038086.504,10.045,NR
115,1622038086.584,11.107500000000002,NR
116,1622038086.664,17.0825,NR
117,1622038086.744,16.58,NR
118,1622038086.824,15.372499999999999,NR
119,1622038086.904,17.4575,NR
120,1622038086.984,11.9525,NR
121,1622038087.064,15.5,NR
122,1622038087.144,15.572500000000002,NR
123,1622038087.224,18.747500000000002,NR
124,1622038087.304,21.0825,NR
125,1622038087.384,20.18,NR
126,1622038087.464,21.3125,NR
127,1622038087.544,17.134999999999998,NR
128,1622038087.624,18.865,NR
129,1622038087.704,17.442500000000003,NR
130,1622038087.784,24.525,NR
131,1622038087.864,14.645,NR
132,1622038087.944,26.495,NR
133,1622038088.024,15.239999999999998,NR
134,1622038088.104,16.0225,NR
135,1622038088.184,18.232499999999998,NR
136,1622038088.264,16.97,NR
137,1622038088.344,18.4075,NR
138,1622038088.424,16.935000000000002,NR
139,1622038088.504,14.605,NR
140,1622038088.584,14.975,NR
141,1622038088.664,14.7925,NR
142,1622038088.744,12.445,NR
143,1622038088.824,13.6825,NR
144,1622038088.904,12.755,NR
145,1622038088.984,11.1875,NR
146,1622038089.064,5.5375,NR
147,1622038089.144,11.49,NR
148,1622038089.224,10.122499999999999,NR
149,1622038089.304,13.1475,NR
150,1622038089.384,10.0275,NR
151,1622038089.464,13.145,NR
152,1622038089.544,13.4725,NR
153,1622038089.624,17.1525,NR
154,1622038089.704,15.934999999999999,NR
155,1622038089.784,17.515,NR
156,1622038089.864,21.139999999999997,NR
157,1622038089.944,24.237499999999997,NR
158,1622038090.024,28.025,NR
159,1622038090.104,26.069999999999997,NR
160,1622038090.184,28.8675,NR
161,1622038090.264,31.735,NR
162,1622038090.344,30.7025,NR
163,1622038090.424,33.144999999999996,NR
164,1622038090.504,34.3125,NR
165,1622038090.584,30.675000000000004,NR
166,1622038090.664,36.620000000000005,NR
167,1622038090.744,32.8525,NR
168,1622038090.824,32.37,NR
169,1622038090.904,27.069999999999997,NR
170,1622038090.984,32.295,NR
171,1622038091.064,30.0725,NR
172,1622038091.144,27.597499999999997,NR
173,1622038091.224,27.455,NR
174,1622038091.304,28.270000000000003,NR
175,1622038091.384,29.2125,NR
176,1622038091.464,28.615,NR
177,1622038091.544,24.73,NR
178,1622038091.624,26.152499999999996,NR
179,1622038091.704,22.575000000000003,NR
180,1622038091.784,27.6625,NR
181,1622038091.864,21.994999999999997,NR
182,1622038091.944,21.207500000000003,NR
183,1622038092.024,20.509999999999998,NR
184,1622038092.104,21.595,NR
185,1622038092.184,19.947499999999998,NR
186,1622038092.264,13.895,NR
187,1622038092.344,10.4225,NR
188,1622038092.424,12.7,NR
189,1622038092.504,12.1975,NR
190,1622038092.584,11.862499999999999,NR
191,1622038092.664,9.6525,NR
192,1622038092.744,6.9775,NR
193,1622038092.824,8.4925,NR
194,1622038092.904,12.302499999999998,NR
195,1622038092.984,8.557500000000001,NR
196,1622038093.064,5.9075,NR
197,1622038093.144,7.699999999999999,NR
198,1622038093.224,12.0125,NR
199,1622038093.304,10.087499999999999,NR
200,1622038093.384,6.985,NR
201,1622038093.464,9.084999999999999,NR
202,1622038093.544,10.622499999999999,NR
203,1622038093.624,6.925000000000001,NR
204,1622038093.704,10.8875,NR
205,1622038093.784,11.055,NR
206,1622038093.864,5.7525,NR
207,1622038093.944,4.4875,NR
208,1622038094.024,7.505,NR
209,1622038094.104,2.4,NR
210,1622038094.184,7.7825,NR
211,1622038094.264,3.9000000000000004,NR
212,1622038094.344,-0.16000000000000036,NR
213,1622038094.424,6.115000000000001,NR
214,1622038094.504,1.7249999999999999,NR
215,1622038094.584,-1.2899999999999998,NR
216,1622038094.664,-4.41,NR
217,1622038094.744,-8.6925,NR
218,1622038094.824,-1.5875,NR
219,1622038094.904,-12.21,NR
220,1622038094.984,-4.4775,NR
221,1622038095.064,-8.68,NR
222,1622038095.144,-6.4799999999999995,NR
223,1622038095.224,-25.33,NR
224,1622038095.304,-11.797500000000001,NR
225,1622038095.374,-9.42,NR
226,1622038095.396,-9.42,NR
227,1622038095.484,-3.7975000000000003,NR
228,1622038095.564,-10.3625,NR
229,1622038095.644,-8.932500000000001,NR
230,1622038095.724,-6.5775,NR
231,1622038095.804,-11.239999999999998,NR
232,1622038095.884,-4.49,NR
233,1622038095.964,-3.06,NR
234,1622038096.044,-7.723333333333334,NR
235,1622038096.124,-14.11,NR
236,1622038096.204,-14.309999999999999,NR
237,1622038096.284,-4.930000000000001,NR
238,1622038096.364,-9.18,NR
239,1622038096.444,-10.133333333333333,NR
240,1622038096.524,-8.42,NR
241,1622038096.604,-6.066666666666666,NR
242,1622038096.684,0.4950000000000001,NR
243,1622038096.708,-0.17000000000000015,NR
244,1622038096.776,0.4574999999999998,NR
245,1622038096.867,1.5499999999999998,NR
246,1622038096.947,-1.9275,NR
247,1622038097.024,1.2475,NR
248,1622038097.047,1.2475,NR
249,1622038097.136,-5.1825,NR
250,1622038097.216,-2.1725000000000003,NR
251,1622038097.296,-4.975,NR
252,1622038097.376,-5.6325,NR
253,1622038097.456,-6.147499999999999,NR
254,1622038097.536,-7.777500000000001,NR
255,1622038097.573,-7.8125,NR
256,1622038097.596,-7.8125,NR
257,1622038097.685,5.6075,NR
258,1622038097.765,3.7825,NR
259,1622038097.845,2.7525,NR
260,1622038097.926,1.6249999999999998,NR
261,1622038098.005,1.9100000000000001,NR
262,1622038098.085,1.1949999999999998,NR
263,1622038098.165,5.0424999999999995,NR
264,1622038098.245,-1.2575,NR
265,1622038098.325,6.24,NR
266,1622038098.405,9.5475,NR
267,1622038098.485,8.49,NR
268,1622038098.565,11.9425,NR
269,1622038098.645,8.9775,NR
270,1622038098.725,7.925000000000001,NR
271,1622038098.805,13.870000000000001,NR
272,1622038098.885,9.155,NR
273,1622038098.965,11.485,NR
274,1622038099.045,10.569999999999999,NR
275,1622038099.125,8.84,NR
276,1622038099.205,11.725,NR
277,1622038099.285,12.0675,NR
278,1622038099.365,16.752499999999998,NR
279,1622038099.445,15.1425,NR
280,1622038099.525,14.6225,NR
281,1622038099.605,11.167499999999999,NR
282,1622038099.685,11.4925,NR
283,1622038099.765,5.859999999999999,NR
284,1622038099.845,6.75,NR
285,1622038099.925,11.1875,NR
286,1622038100.005,6.32,NR
287,1622038100.085,8.27,NR
288,1622038100.165,6.9575,NR
289,1622038100.245,8.59,NR
290,1622038100.325,15.695,NR
291,1622038100.405,12.4875,NR
292,1622038100.485,13.1725,NR
293,1622038100.565,8.165000000000001,NR
294,1622038100.645,11.8675,NR
295,1622038100.725,15.237499999999999,NR
296,1622038100.805,5.975,NR
297,1622038100.885,9.6825,NR
298,1622038100.965,8.48,NR
299,1622038101.045,7.885000000000001,NR
300,1622038101.125,10.09,NR
301,1622038101.205,8.04,NR
302,1622038101.285,5.175000000000001,NR
303,1622038101.365,10.1225,NR
304,1622038101.445,6.3975,NR
305,1622038101.525,7.5425,NR
306,1622038101.605,10.8525,NR
307,1622038101.685,0.29500000000000004,NR
308,1622038101.765,8.0225,NR
309,1622038101.845,7.3575,NR
310,1622038101.925,6.1425,NR
311,1622038102.005,4.55,NR
312,1622038102.085,6.655,NR
313,1622038102.165,5.7475000000000005,NR
314,1622038102.245,0.8350000000000002,NR
315,1622038102.325,2.1025,NR
316,1622038102.405,5.625000000000001,NR
317,1622038102.485,4.9575,NR
318,1622038102.565,2.9699999999999998,NR
319,1622038102.645,-0.7775000000000001,NR
320,1622038102.725,7.35,NR
321,1622038102.805,6.879999999999999,NR
322,1622038102.885,4.6175,NR
323,1622038102.965,3.7350000000000003,NR
324,1622038103.045,6.095,NR
325,1622038103.125,4.76,NR
326,1622038103.205,9.8925,NR
327,1622038103.285,5.345000000000001,NR
328,1622038103.365,6.904999999999999,NR
329,1622038103.445,2.995,NR
330,1622038103.525,9.959999999999999,NR
331,1622038103.605,9.41,NR
332,1622038103.685,13.425,NR
333,1622038103.765,7.5375000000000005,NR
334,1622038103.845,6.75,NR
335,1622038103.925,3.7474999999999996,NR
336,1622038104.005,1.6025,NR
337,1622038104.085,2.5175,NR
338,1622038104.165,1.2275,NR
339,1622038104.245,-0.022500000000000048,NR
340,1622038104.325,2.66,NR
341,1622038104.405,9.510000000000002,NR
342,1622038104.485,6.475,NR
343,1622038104.565,9.087499999999999,NR
344,1622038104.645,6.9125000000000005,NR
345,1622038104.725,6.8549999999999995,NR
346,1622038104.805,4.8950000000000005,NR
347,1622038104.885,3.8724999999999996,NR
348,1622038104.965,5.1775,NR
349,1622038105.045,4.35,NR
350,1622038105.125,3.6374999999999997,NR
351,1622038105.205,0.8125,NR
352,1622038105.285,1.9475,NR
353,1622038105.365,8.9125,NR
354,1622038105.445,12.457500000000001,NR
355,1622038105.525,10.64,NR
356,1622038105.605,10.275,NR
357,1622038105.685,7.665,NR
358,1622038105.765,5.885,NR
359,1622038105.845,4.9775,NR
360,1622038105.925,9.355,NR
361,1622038106.005,4.535,NR
362,1622038106.085,9.22,NR
363,1622038106.165,13.98,NR
364,1622038106.245,15.5075,NR
365,1622038106.325,11.087499999999999,NR
366,1622038106.405,3.38,NR
367,1622038106.485,13.920000000000002,NR
368,1622038106.565,13.035,NR
369,1622038106.645,4.7425,NR
370,1622038106.725,11.254999999999999,NR
371,1622038106.805,15.305,NR
372,1622038106.885,10.1725,NR
373,1622038106.965,10.434999999999999,NR
374,1622038107.045,8.182500000000001,NR
375,1622038107.125,12.2975,NR
376,1622038107.205,14.25,NR
377,1622038107.285,13.0975,NR
378,1622038107.365,5.8975,NR
379,1622038107.445,16.355,NR
380,1622038107.525,9.45,NR
381,1622038107.605,7.1525,NR
382,1622038107.685,8.217500000000001,NR
383,1622038107.765,13.8,NR
384,1622038107.845,12.335,NR
385,1622038107.925,5.4125000000000005,NR
386,1622038108.005,3.6950000000000003,NR
387,1622038108.085,-1.3175,NR
388,1622038108.165,1.8224999999999998,NR
389,1622038108.245,7.6475,NR
390,1622038108.325,6.4825,NR
391,1622038108.405,9.530000000000001,NR
392,1622038108.485,8.67,NR
393,1622038108.565,11.3625,NR
394,1622038108.645,12.535,NR
395,1622038108.725,11.675,NR
396,1622038108.805,9.4,NR
397,1622038108.885,12.427499999999998,NR
398,1622038108.965,10.2025,NR
399,1622038109.045,10.192499999999999,NR
400,1622038109.125,12.597499999999998,NR
401,1622038109.205,8.702499999999999,NR
402,1622038109.285,15.895,NR
403,1622038109.365,15.995000000000001,NR
404,1622038109.445,17.09,NR
405,1622038109.525,16.3125,NR
406,1622038109.605,15.4125,NR
407,1622038109.685,21.2375,NR
408,1622038109.765,16.2125,NR
409,1622038109.845,18.8975,NR
410,1622038109.925,13.0425,NR
411,1622038110.005,20.8525,NR
412,1622038110.085,20.72,NR
413,1622038110.165,17.9675,NR
414,1622038110.245,18.6675,NR
415,1622038110.325,21.9175,NR
416,1622038110.405,20.3125,NR
417,1622038110.485,22.265,NR
418,1622038110.565,23.695,NR
419,1622038110.645,20.9575,NR
420,1622038110.725,26.169999999999998,NR
421,1622038110.805,22.56,NR
422,1622038110.885,24.832500000000003,NR
423,1622038110.965,20.58,NR
424,1622038111.045,21.125,NR
425,1622038111.125,24.5275,NR
426,1622038111.205,23.92,NR
427,1622038111.285,22.83,NR
428,1622038111.365,22.142500000000002,NR
429,1622038111.445,20.482499999999998,NR
430,1622038111.525,22.22,NR
431,1622038111.605,24.4925,NR
432,1622038111.685,17.1025,NR
433,1622038111.765,21.155,NR
434,1622038111.845,19.9725,NR
435,1622038111.925,13.674999999999999,NR
436,1622038112.005,14.3375,NR
437,1622038112.085,16.9125,NR
438,1622038112.165,15.12,NR
439,1622038112.245,12.7175,NR
440,1622038112.325,12.89,NR
441,1622038112.405,14.66,NR
442,1622038112.485,13.94,NR
443,1622038112.565,15.037500000000001,NR
444,1622038112.645,15.965000000000002,NR
445,1622038112.725,11.2525,NR
446,1622038112.805,17.1875,NR
447,1622038112.885,10.145,NR
448,1622038112.965,13.52,NR
449,1622038113.045,12.807500000000001,NR
450,1622038113.125,10.977500000000001,NR
451,1622038113.205,12.167500000000002,NR
452,1622038113.285,12.95,NR
453,1622038113.365,12.31,NR
454,1622038113.445,9.79,NR
455,1622038113.525,11.4525,NR
456,1622038113.605,14.31,NR
457,1622038113.685,13.3925,NR
458,1622038113.765,12.517499999999998,NR
459,1622038113.845,12.8625,NR
460,1622038113.925,9.315,NR
461,1622038114.005,14.319999999999999,NR
462,1622038114.085,13.9225,NR
463,1622038114.165,18.052500000000002,NR
464,1622038114.245,17.945,NR
465,1622038114.325,15.252500000000001,NR
466,1622038114.405,14.8275,NR
467,1622038114.485,8.532499999999999,NR
468,1622038114.565,10.4575,NR
469,1622038114.645,11.955,NR
470,1622038114.725,15.142500000000002,NR
471,1622038114.805,16.92,NR
472,1622038114.885,19.465,NR
473,1622038114.965,18.9525,NR
474,1622038115.045,17.485,NR
475,1622038115.125,16.755000000000003,NR
476,1622038115.205,17.5,NR
477,1622038115.285,20.650000000000002,NR
478,1622038115.365,20.72,NR
479,1622038115.445,21.9025,NR
480,1622038115.525,20.785000000000004,NR
481,1622038115.605,22.5375,NR
482,1622038115.685,21.854999999999997,NR
483,1622038115.765,19.6725,NR
484,1622038115.845,17.5725,NR
485,1622038115.925,25.3525,NR
486,1622038116.005,25.695,NR
487,1622038116.085,25.3525,NR
488,1622038116.165,25.8825,NR
489,1622038116.245,27.66,NR
490,1622038116.325,27.659999999999997,NR
491,1622038116.405,28.1675,NR
492,1622038116.485,23.7575,NR
493,1622038116.565,27.015,NR
494,1622038116.645,28.585,NR
495,1622038116.725,29.38,NR
496,1622038116.805,29.055000000000003,NR
497,1622038116.885,29.6975,NR
498,1622038116.965,29.165,NR
499,1622038117.045,29.345,NR
500,1622038117.125,29.7175,NR
501,1622038117.205,26.612499999999997,NR
502,1622038117.285,27.515,NR
503,1622038117.365,25.2925,NR
504,1622038117.445,18.1,NR
505,1622038117.525,22.6175,NR
506,1622038117.605,25.177500000000002,NR
507,1622038117.685,25.902499999999996,NR
508,1622038117.765,22.085,NR
509,1622038117.845,24.3075,NR
510,1622038117.925,24.642500000000002,NR
511,1622038118.005,20.37,NR
512,1622038118.085,22.8825,NR
513,1622038118.165,14.9175,NR
514,1622038118.245,15.1775,NR
515,1622038118.325,14.3825,NR
516,1622038118.405,12.705,NR
517,1622038118.485,15.1125,NR
518,1622038118.565,8.1975,NR
519,1622038118.645,11.96,NR
520,1622038118.725,13.5025,NR
521,1622038118.805,14.5975,NR
522,1622038118.885,13.997499999999999,NR
523,1622038118.965,12.850000000000001,NR
524,1622038119.045,11.615,NR
525,1622038119.125,11.62,NR
526,1622038119.205,11.5175,NR
527,1622038119.285,14.25,NR
528,1622038119.365,14.6425,NR
529,1622038119.445,17.6575,NR
530,1622038119.525,17.6875,NR
531,1622038119.605,18.1175,NR
532,1622038119.685,16.525,NR
533,1622038119.765,17.085,NR
534,1622038119.845,19.89,NR
535,1622038119.925,19.27,NR
536,1622038120.005,23.175,NR
537,1622038120.085,23.905,NR
538,1622038120.165,18.7125,NR
539,1622038120.245,19.18,NR
540,1622038120.325,19.8825,NR
541,1622038120.405,17.1425,NR
542,1622038120.485,15.3125,NR
543,1622038120.565,16.9225,NR
544,1622038120.645,16.295,NR
545,1622038120.725,17.877499999999998,NR
546,1622038120.805,16.755,NR
547,1622038120.885,14.875,NR
548,1622038120.965,15.149999999999999,NR
549,1622038121.045,13.285,NR
550,1622038121.125,10.237499999999999,NR
551,1622038121.205,9.4725,NR
552,1622038121.285,18.205,NR
553,1622038121.365,18.2925,NR
554,1622038121.445,15.337499999999999,NR
555,1622038121.525,15.837499999999999,NR
556,1622038121.605,14.165,NR
557,1622038121.685,15.687499999999998,NR
558,1622038121.765,15.752500000000001,NR
559,1622038121.845,13.805,NR
560,1622038121.925,14.772499999999999,NR
561,1622038122.005,15.72,NR
562,1622038122.085,19.27,NR
563,1622038122.165,20.0975,NR
564,1622038122.245,22.9375,NR
565,1622038122.325,18.96,NR
566,1622038122.405,18.2725,NR
567,1622038122.485,15.227500000000001,NR
568,1622038122.565,19.21,NR
569,1622038122.645,14.7775,NR
570,1622038122.725,19.975,NR
571,1622038122.805,11.865,NR
572,1622038122.885,16.69,NR
573,1622038122.965,14.182500000000001,NR
574,1622038123.045,13.4525,NR
575,1622038123.125,14.245,NR
576,1622038123.205,16.1475,NR
577,1622038123.285,11.9175,NR
578,1622038123.365,14.41,NR
579,1622038123.445,15.1075,NR
580,1622038123.525,15.5925,NR
581,1622038123.605,14.49,NR
582,1622038123.685,18.26,NR
583,1622038123.765,14.604999999999999,NR
584,1622038123.845,13.5725,NR
585,1622038123.925,15.167499999999999,NR
586,1622038124.005,14.385,NR
587,1622038124.085,12.487499999999999,NR
588,1622038124.165,7.7075000000000005,NR
589,1622038124.245,15.5925,NR
590,1622038124.325,17.77,NR
591,1622038124.405,15.865,NR
592,1622038124.485,17.117500000000003,NR
593,1622038124.565,16.597499999999997,NR
594,1622038124.645,25.937499999999996,NR
595,1622038124.725,30.345,NR
596,1622038124.805,24.135,NR
597,1622038124.885,17.745,NR
598,1622038124.965,22.61,NR
599,1622038125.045,32.9925,NR
600,1622038125.125,33.4025,NR
601,1622038125.205,27.0175,NR
602,1622038125.285,22.7975,NR
603,1622038125.365,22.5925,NR
604,1622038125.445,25.9225,NR
605,1622038125.525,24.7475,NR
606,1622038125.605,20.8,NR
607,1622038125.685,21.112499999999997,NR
608,1622038125.765,9.9525,NR
609,1622038125.845,13.355,NR
610,1622038125.925,17.605,NR
611,1622038126.005,15.337499999999999,NR
612,1622038126.085,14.6375,NR
613,1622038126.165,18.61,NR
614,1622038126.245,20.8975,NR
615,1622038126.325,19.2025,NR
616,1622038126.405,18.310000000000002,NR
617,1622038126.485,15.4775,NR
618,1622038126.565,14.570000000000002,NR
619,1622038126.645,16.365000000000002,NR
620,1622038126.725,18.7875,NR
621,1622038126.805,20.372500000000002,NR
622,1622038126.885,23.845000000000002,NR
623,1622038126.965,20.942500000000003,NR
624,1622038127.045,23.3575,NR
625,1622038127.125,23.4675,NR
626,1622038127.205,18.4725,NR
627,1622038127.285,17.13,NR
628,1622038127.365,16.635,NR
629,1622038127.445,19.75,NR
630,1622038127.525,14.1975,NR
631,1622038127.605,18.692500000000003,NR
632,1622038127.685,20.752499999999998,NR
633,1622038127.765,19.3675,NR
634,1622038127.845,11.64,NR
635,1622038127.925,11.12,NR
636,1622038128.005,10.6975,NR
637,1622038128.085,7.2925,NR
638,1622038128.165,9.655000000000001,NR
639,1622038128.245,7.925000000000001,NR
640,1622038128.325,13.5075,NR
641,1622038128.405,7.49,NR
642,1622038128.485,4.87,NR
643,1622038128.565,-0.13000000000000034,NR
644,1622038128.645,-1.2225000000000001,NR
645,1622038128.725,-0.7350000000000001,NR
646,1622038128.805,0.7475000000000003,NR
647,1622038128.885,-1.6900000000000004,NR
648,1622038128.965,-8.343333333333334,NR
649,1622038129.045,-9.64,NR
650,1622038129.125,-13.870000000000001,NR
651,1622038129.133,-13.870000000000001,NR
652,1622038129.156,-13.870000000000001,NR
653,1622038129.245,18.7075,NR
654,1622038129.325,18.29,NR
655,1622038129.405,18.7175,NR
656,1622038129.485,21.2675,NR
657,1622038129.565,25.3475,NR
658,1622038129.645,26.8875,NR
659,1622038129.725,27.705000000000002,NR
660,1622038129.805,28.2325,NR
661,1622038129.885,28.8625,NR
662,1622038129.965,15.3625,NR
663,1622038130.045,27.3025,NR
664,1622038130.125,25.1275,NR
665,1622038130.205,23.947499999999998,NR
666,1622038130.285,21.9,NR
667,1622038130.365,18.9925,NR
668,1622038130.445,16.9375,NR
669,1622038130.525,12.3475,NR
670,1622038130.605,8.9925,NR
671,1622038130.685,5.6225,NR
672,1622038130.765,11.2775,NR
673,1622038130.845,16.22,NR
674,1622038130.925,8.9175,NR
675,1622038131.005,10.2575,NR
676,1622038131.085,13.169999999999998,NR
677,1622038131.165,10.657499999999999,NR
678,1622038131.245,9.120000000000001,NR
679,1622038131.325,15.497499999999999,NR
680,1622038131.405,17.1175,NR
681,1622038131.485,19.135,NR
682,1622038131.565,32.6625,NR
683,1622038131.645,31.1575,NR
684,1622038131.725,32.25,NR
685,1622038131.805,28.4,NR
686,1622038131.885,28.677499999999995,NR
687,1622038131.965,28.367500000000003,NR
688,1622038132.045,28.105,NR
689,1622038132.125,22.68,NR
690,1622038132.205,21.060000000000002,NR
691,1622038132.285,15.15,NR
692,1622038132.365,16.075,NR
693,1622038132.445,12.765,NR
694,1622038132.525,6.4750000000000005,NR
695,1622038132.605,11.485,NR
696,1622038132.685,4.985,NR
697,1622038132.765,2.8324999999999996,NR
698,1622038132.845,8.5,NR
699,1622038132.925,16.88,NR
700,1622038133.005,14.945,NR
701,1622038133.085,11.727500000000001,NR
702,1622038133.165,14.3925,NR
703,1622038133.245,2.9025,NR
704,1622038133.325,5.6725,NR
705,1622038133.405,13.835,NR
706,1622038133.485,6.52,NR
707,1622038133.565,9.425,NR
708,1622038133.645,2.0125,NR
709,1622038133.725,2.2975,NR
710,1622038133.805,2.1675,NR
711,1622038133.885,2.7,NR
712,1622038133.965,3.2525,NR
713,1622038134.045,-2.3850000000000002,NR
714,1622038134.125,-5.75,NR
715,1622038134.205,-4.546666666666667,NR
716,1622038134.285,-2.7600000000000002,NR
717,1622038134.365,-8.563333333333334,NR
718,1622038134.445,-13.056666666666667,NR
719,1622038134.525,-4.46,NR
720,1622038134.55,6.9,NR
721,1622038134.573,6.9,NR
722,1622038134.662,13.82,NR
723,1622038134.742,16.945,NR
724,1622038134.822,11.64,NR
725,1622038134.902,15.8325,NR
726,1622038134.982,14.66,NR
727,1622038135.062,16.105,NR
728,1622038135.142,18.5325,NR
729,1622038135.222,18.882499999999997,NR
730,1622038135.302,19.1175,NR
731,1622038135.382,18.2175,NR
732,1622038135.462,17.085,NR
733,1622038135.542,18.1025,NR
734,1622038135.622,10.592500000000001,NR
735,1622038135.702,13.3775,NR
736,1622038135.782,14.4725,NR
737,1622038135.862,17.205000000000002,NR
738,1622038135.942,15.0125,NR
739,1622038136.022,19.64,NR
740,1622038136.102,18.56,NR
741,1622038136.182,19.1225,NR
742,1622038136.262,11.122499999999999,NR
743,1622038136.342,10.3025,NR
744,1622038136.422,7.525,NR
745,1622038136.502,11.2075,NR
746,1622038136.582,7.5874999999999995,NR
747,1622038136.662,10.432500000000001,NR
748,1622038136.742,8.092500000000001,NR
749,1622038136.822,8.8825,NR
750,1622038136.902,6.605,NR
751,1622038136.982,19.6425,NR
752,1622038137.062,17.4375,NR
753,1622038137.142,19.872500000000002,NR
754,1622038137.222,10.36,NR
755,1622038137.302,15.870000000000001,NR
756,1622038137.382,18.262500000000003,NR
757,1622038137.462,19.2225,NR
758,1622038137.542,20.435,NR
759,1622038137.622,19.58,NR
760,1622038137.702,18.7575,NR
761,1622038137.782,22.692500000000003,NR
762,1622038137.862,21.777500000000003,NR
763,1622038137.942,24.185,NR
764,1622038138.022,20.365000000000002,NR
765,1622038138.102,20.505,NR
766,1622038138.182,8.4375,NR
767,1622038138.262,7.2475000000000005,NR
768,1622038138.342,7.1625,NR
769,1622038138.422,4.7524999999999995,NR
770,1622038138.502,4.5875,NR
771,1622038138.582,7.335,NR
772,1622038138.662,6.415000000000001,NR
773,1622038138.742,8.0625,NR
774,1622038138.822,6.055,NR
775,1622038138.902,14.739999999999998,NR
776,1622038138.982,18.41,NR
777,1622038139.062,20.212500000000002,NR
778,1622038139.142,19.5375,NR
779,1622038139.222,20.5325,NR
780,1622038139.302,20.44,NR
781,1622038139.382,21.455,NR
782,1622038139.462,21.3,NR
783,1622038139.542,22.372500000000002,NR
784,1622038139.622,16.044999999999998,NR
785,1622038139.702,18.830000000000002,NR
786,1622038139.782,19.165000000000003,NR
787,1622038139.862,20.88,NR
788,1622038139.942,22.1025,NR
789,1622038140.022,22.8425,NR
790,1622038140.102,23.4625,NR
791,1622038140.182,22.6575,NR
